{"cameraMode":{"drawMode":0,"name":"Shaded","section":"Shading Mode"},"sceneLighting":true,"audioPlay":false,"sceneViewState":{"m_AlwaysRefresh":false,"showFog":true,"showSkybox":true,"showFlares":true,"showImageEffects":true,"showParticleSystems":true,"showVisualEffectGraphs":true,"m_FxEnabled":true},"in2DMode":false,"pivot":{"x":3.412445545196533,"y":-0.09102702140808106,"z":0.30820465087890627},"rotation":{"x":-0.030294684693217279,"y":-0.026387661695480348,"z":0.0008004673873074353,"w":-0.9991938471794128},"size":9.67491626739502,"orthographic":true}