{"cameraMode":{"drawMode":0,"name":"Shaded","section":"Shading Mode"},"sceneLighting":true,"audioPlay":false,"sceneViewState":{"m_AlwaysRefresh":false,"showFog":true,"showSkybox":true,"showFlares":true,"showImageEffects":true,"showParticleSystems":true,"showVisualEffectGraphs":true,"m_FxEnabled":true},"in2DMode":false,"pivot":{"x":1.1713658571243287,"y":1.17459237575531,"z":12.032760620117188},"rotation":{"x":-0.04529421404004097,"y":0.000596609606873244,"z":-0.000026815057935891673,"w":-0.9989718198776245},"size":10.407720565795899,"orthographic":true}